{
  "sections": {
    "custom_product": {
      "type": "custom-product",
      "settings": {}
    },
    "related_products": {
      "type": "related-products",
      "settings": {
        "heading": "You may also like",
        "heading_size": "h2",
        "products_to_show": 4,
        "columns_desktop": 4,
        "columns_mobile": "2",
        "color_scheme": "scheme-1",
        "image_ratio": "square",
        "image_shape": "default",
        "show_secondary_image": true,
        "show_vendor": false,
        "show_rating": false,
        "padding_top": 36,
        "padding_bottom": 28
      }
    }
  },
  "order": [
    "custom_product",
    "related_products"
  ]
}
